{
  "x": {
    "coef": 2.3112781011087398,
    "intercept": 3.8882125273289545
  },
  "y": {
    "coef": 2.2922125423120203,
    "intercept": 3.905224912833331
  },
  "z": {
    "coef": 1.4265155315704798,
    "intercept": 2.401733907477745
  }
}